[{"model": "sessions.session", "pk": "298lmubwjia8o5hm78ulkecofncq7t7x", "fields": {"session_data": ".eJxVjEEOwiAQRe_C2hAGhgIu3fcMZIBRqoYmpV0Z765NutDtf-_9l4i0rTVunZc4FXEWIE6_W6L84LaDcqd2m2We27pMSe6KPGiX41z4eTncv4NKvX5rRsxhKFkzEHs0bOHKyjJ4lcANoIzzXpdgFCZHniEklSnbRNogOi_eH9wkN2g:1kKVVF:e7CbOMsnbnOBvLEZi_zw0D-_vUd3f74qfFM3rJ1JduM", "expire_date": "2020-10-05T23:45:49.040Z"}}, {"model": "sessions.session", "pk": "430velmjd39ccie08c9dz8e6y04lvosy", "fields": {"session_data": "eyJuZXh0IjoiLyIsInZrLW9hdXRoMl9zdGF0ZSI6IkROdGJ3Z0dlVjdTUGdsNFNWaE5CUkRmQkU1ZXBkNnNEIn0:1kC2cX:h2Y9v1_iTta_ulhRqNeTNlB1ui3c4FdCOg7iXh8-344", "expire_date": "2020-09-12T15:18:21.347Z"}}, {"model": "sessions.session", "pk": "76v6gy56z9of7per92r02fg5ykz65vgl", "fields": {"session_data": "ZjZiMTA5NTUxYjA2MTRmZTZjNmUxMzg1MDY0NzVjNzMwYzIyNTNiMDp7Il9hdXRoX3VzZXJfaWQiOiIxIiwiX2F1dGhfdXNlcl9iYWNrZW5kIjoiZGphbmdvLmNvbnRyaWIuYXV0aC5iYWNrZW5kcy5Nb2RlbEJhY2tlbmQiLCJfYXV0aF91c2VyX2hhc2giOiI0ZDdiNDlkODRhMGI1OGI3MTVkNzcyMTgzMWViMzVhZjdkMDA0YTVjIn0=", "expire_date": "2020-08-24T23:30:22.997Z"}}, {"model": "sessions.session", "pk": "dgeqqqsg26bryukflxqouc7t0wpfagyo", "fields": {"session_data": "eyJuZXh0IjoiLyIsInZrLW9hdXRoMl9zdGF0ZSI6IjFVdk9MUDNGdjQzdWNJV29yZk95VUV6MDdrV3NBc2JoIn0:1kC2dm:B4i4ye5ppyJc9Oom2yxU8CxF3BYkbxZUdrPUJrXMPwI", "expire_date": "2020-09-12T15:19:38.792Z"}}, {"model": "sessions.session", "pk": "kbj0dhqxbbqhor7c8ljzt9ynm09kqyj0", "fields": {"session_data": "ZjZiMTA5NTUxYjA2MTRmZTZjNmUxMzg1MDY0NzVjNzMwYzIyNTNiMDp7Il9hdXRoX3VzZXJfaWQiOiIxIiwiX2F1dGhfdXNlcl9iYWNrZW5kIjoiZGphbmdvLmNvbnRyaWIuYXV0aC5iYWNrZW5kcy5Nb2RlbEJhY2tlbmQiLCJfYXV0aF91c2VyX2hhc2giOiI0ZDdiNDlkODRhMGI1OGI3MTVkNzcyMTgzMWViMzVhZjdkMDA0YTVjIn0=", "expire_date": "2020-08-22T17:14:37.735Z"}}, {"model": "sessions.session", "pk": "lvhcvwnu8iblmbx07floansclsflgqez", "fields": {"session_data": "MTA1ZWRkNjZkNGJhYTc2OWIwZDhkNDBlYTU2Y2U3NDJlN2JlNjk4Yjp7Il9hdXRoX3VzZXJfaWQiOiIyIiwiX2F1dGhfdXNlcl9iYWNrZW5kIjoiZGphbmdvLmNvbnRyaWIuYXV0aC5iYWNrZW5kcy5Nb2RlbEJhY2tlbmQiLCJfYXV0aF91c2VyX2hhc2giOiI4YjJhNWUzMTdiYzc3OWM1MGZhYWNhZTU2M2ZhZDgzODg3NWFlMjUzIn0=", "expire_date": "2020-08-24T23:10:03.514Z"}}, {"model": "sessions.session", "pk": "soikue2nfprc6n0iew5bmevuulz8vggm", "fields": {"session_data": ".eJxVjMsOwiAURP-FtSG8Hy7d9xsIcC9SNZCUdmX8d9ukC91N5pyZNwlxW2vYBi5hBnIlhlx-uxTzE9sB4BHbvdPc27rMiR4KPemgUwd83U7376DGUfe1TkYlBjp6ziUqLM6hheJACYlGlz1zVgTPngkLYL2UNiWRuefaGlHI5wvqkTe1:1kA0XR:IeXDTInIc_RsZ5r8TU9FdHUFRJNQ3nBmQPs_YExM6nU", "expire_date": "2020-09-07T00:40:41.220Z"}}, {"model": "sessions.session", "pk": "wnl57g731o0gtrhup80vl6em3qp4zbd3", "fields": {"session_data": ".eJxVjEEOwiAQRe_C2hAGhgIu3fcMZIBRqoYmpV0Z765NutDtf-_9l4i0rTVunZc4FXEWIE6_W6L84LaDcqd2m2We27pMSe6KPGiX41z4eTncv4NKvX5rRsxhKFkzEHs0bOHKyjJ4lcANoIzzXpdgFCZHniEklSnbRNogOi_eH9wkN2g:1kCCcX:Ih1-3Aw78wOH3pINxzye-1HxqllcJYmrPFJGQwmQ3Hg", "expire_date": "2020-09-13T01:59:01.891Z"}}, {"model": "mainapp.productcategory", "pk": 1, "fields": {"name": "дом", "description": "Отличная мебель для дома", "is_active": true}}, {"model": "mainapp.productcategory", "pk": 2, "fields": {"name": "офис", "description": "Отличная мебель для офиса", "is_active": true}}, {"model": "mainapp.productcategory", "pk": 3, "fields": {"name": "модерн", "description": "Отличная мебель для любителей новизны", "is_active": true}}, {"model": "mainapp.productcategory", "pk": 4, "fields": {"name": "классика", "description": "Отличная мебель для любителей старины", "is_active": false}}, {"model": "mainapp.productcategory", "pk": 5, "fields": {"name": "светильники", "description": "Светильники для Вашего интерьера на любой вкус", "is_active": true}}, {"model": "mainapp.product", "pk": 1, "fields": {"category": 2, "name": "стул красный", "image": "products_images/product-4.jpg", "short_desc": "хороший стул", "description": "от него не оторваться", "price": "500.00", "quantity": 43, "is_active": true}}, {"model": "mainapp.product", "pk": 2, "fields": {"category": 2, "name": "стул синий", "image": "products_images/product-2.jpg", "short_desc": "удобный стул", "description": "от него совсем не оторваться", "price": "550.00", "quantity": 49, "is_active": true}}, {"model": "mainapp.product", "pk": 3, "fields": {"category": 2, "name": "стул белый", "image": "products_images/product-6.jpg", "short_desc": "совершенный стул", "description": "от него невозможно оторваться", "price": "750.00", "quantity": 45, "is_active": true}}, {"model": "mainapp.product", "pk": 4, "fields": {"category": 1, "name": "стул белый", "image": "products_images/product-6.jpg", "short_desc": "стул для кухни", "description": "превосходный стул для кухни", "price": "250.00", "quantity": 49, "is_active": true}}, {"model": "mainapp.product", "pk": 5, "fields": {"category": 1, "name": "стул белый", "image": "products_images/product-6.jpg", "short_desc": "стул для зала", "description": "отличный стул для зала", "price": "312.50", "quantity": 44, "is_active": true}}, {"model": "mainapp.product", "pk": 6, "fields": {"category": 3, "name": "стул белый", "image": "products_images/product-6.jpg", "short_desc": "сюрреалистичный стул", "description": "почувствуй себя космонавтом", "price": "2000.00", "quantity": 50, "is_active": true}}, {"model": "mainapp.product", "pk": 7, "fields": {"category": 4, "name": "стул белый", "image": "products_images/product-6.jpg", "short_desc": "трон", "description": "просто трон", "price": "25000.00", "quantity": 4, "is_active": true}}, {"model": "mainapp.product", "pk": 8, "fields": {"category": 5, "name": "Чудо-свет", "image": "products_images/product-1_OvPuH3d.jpg", "short_desc": "Светильник для спальни", "description": "Создаст ощущение уюта и покоя", "price": "2500.00", "quantity": 68, "is_active": true}}, {"model": "mainapp.product", "pk": 9, "fields": {"category": 5, "name": "кухонный светильник", "image": "products_images/product-5_lYm2SIT.jpg", "short_desc": "Светильник для кухни", "description": "Хорошо освещает рабочую зону", "price": "3000.00", "quantity": 24, "is_active": true}}, {"model": "mainapp.product", "pk": 10, "fields": {"category": 5, "name": "кухонный светильник", "image": "products_images/product-5_tYxZlnK.jpg", "short_desc": "Светильник для кухни", "description": "Хорошо освещает рабочую зону", "price": "3000.00", "quantity": 37, "is_active": true}}, {"model": "mainapp.product", "pk": 11, "fields": {"category": 5, "name": "кухонный светильник", "image": "products_images/product-5_9CGMXns.jpg", "short_desc": "Светильник для кухни", "description": "Хорошо освещает рабочую зону", "price": "3000.00", "quantity": 26, "is_active": true}}, {"model": "mainapp.product", "pk": 12, "fields": {"category": 5, "name": "кухонный светильник", "image": "", "short_desc": "Светильник для кухни", "description": "Хорошо освещает рабочую зону", "price": "3000.00", "quantity": 30, "is_active": true}}, {"model": "mainapp.product", "pk": 13, "fields": {"category": 5, "name": "кухонный светильник", "image": "", "short_desc": "Светильник для кухни", "description": "Хорошо освещает рабочую зону", "price": "3000.00", "quantity": 26, "is_active": true}}, {"model": "authapp.shopuser", "pk": 1, "fields": {"password": "pbkdf2_sha256$216000$HwZBpWnsKMF1$2RXE46VyAaXz9cuDGlLUOGRRT1Sm7kgP5BBO9Khcpfc=", "last_login": "2020-09-21T23:45:48.737Z", "is_superuser": true, "username": "django", "first_name": "", "last_name": "", "email": "django@geekbrains.local", "is_staff": true, "is_active": true, "date_joined": "2020-08-02T01:30:01Z", "avatar": "avatars/avatar_WeC889t.jpg", "age": 21, "activation_key": "", "activation_key_expires": "2020-08-26T00:34:50Z", "groups": [], "user_permissions": []}}, {"model": "authapp.shopuser", "pk": 2, "fields": {"password": "pbkdf2_sha256$180000$edzpAp9ScpHU$WK4ECCNkM36l8YU08T0diQgnz+FHi9SxSasDzHFb7Fo=", "last_login": "2020-08-10T23:10:03Z", "is_superuser": false, "username": "some_user", "first_name": "some_user", "last_name": "TSECHOEV", "email": "some@email.com", "is_staff": false, "is_active": false, "date_joined": "2020-08-02T05:00:35Z", "avatar": "", "age": 150, "activation_key": "", "activation_key_expires": "2020-08-26T00:34:50.670Z", "groups": [], "user_permissions": []}}, {"model": "authapp.shopuser", "pk": 3, "fields": {"password": "pbkdf2_sha256$180000$d19jt23Spn6f$yplhEhtsdywlC4UPNKn70yJHiR2tEbK8nfbBF1dwSNo=", "last_login": null, "is_superuser": false, "username": "another", "first_name": "", "last_name": "", "email": "another@email.local", "is_staff": false, "is_active": false, "date_joined": "2020-08-11T22:05:09Z", "avatar": "", "age": 19, "activation_key": "", "activation_key_expires": "2020-08-26T00:34:50.670Z", "groups": [], "user_permissions": []}}, {"model": "authapp.shopuser", "pk": 4, "fields": {"password": "pbkdf2_sha256$216000$OPt5NN5jVkgc$9slQobi9C69pCf7pBnbd1QkBxRWHPrpt2DKorBxxJEU=", "last_login": null, "is_superuser": false, "username": "django2", "first_name": "", "last_name": "", "email": "some@gb.local", "is_staff": false, "is_active": false, "date_joined": "2020-08-23T23:19:49.240Z", "avatar": "", "age": 35, "activation_key": "73824b03afb3f4412dc7f8b3921a39f9e3970c81", "activation_key_expires": "2020-08-26T02:05:15.781Z", "groups": [], "user_permissions": []}}, {"model": "authapp.shopuser", "pk": 5, "fields": {"password": "pbkdf2_sha256$216000$U77r5zQR4SAA$UPuvhNUzpH9KJyvPTyYEquGNdISfe2CwoweVQXArgow=", "last_login": "2020-08-24T00:38:08.986Z", "is_superuser": false, "username": "django3", "first_name": "django3", "last_name": "", "email": "some@some.local", "is_staff": false, "is_active": true, "date_joined": "2020-08-24T00:37:21.033Z", "avatar": "", "age": 50, "activation_key": "8121043680bbfc948db3637dd56564d7ef0bfb75", "activation_key_expires": "2020-08-26T03:27:38.423Z", "groups": [], "user_permissions": []}}, {"model": "authapp.shopuser", "pk": 6, "fields": {"password": "pbkdf2_sha256$216000$a6L7U8kaZ0KS$QykJqlk87dwo9eeC0+9Iqri0Ym8DIMxqJeZb/3yng+8=", "last_login": "2020-08-24T00:40:41.094Z", "is_superuser": false, "username": "django5", "first_name": "django5", "last_name": "", "email": "another@gb.local", "is_staff": false, "is_active": true, "date_joined": "2020-08-24T00:40:04.994Z", "avatar": "", "age": 45, "activation_key": "57e1d3217367665ef1714fd5370134b390308032", "activation_key_expires": "2020-08-26T03:39:02.213Z", "groups": [], "user_permissions": []}}, {"model": "authapp.shopuser", "pk": 7, "fields": {"password": "!9hPhZnxh5FKgqUBkWLqPaWF77XIF3VMsMIb3SFSO", "last_login": "2020-08-29T18:45:35.664Z", "is_superuser": false, "username": "sevgenn", "first_name": "Евгений", "last_name": "Севостьянов", "email": "", "is_staff": false, "is_active": true, "date_joined": "2020-08-26T23:31:30.979Z", "avatar": "", "age": 18, "activation_key": "", "activation_key_expires": "2020-08-29T02:29:36.086Z", "groups": [], "user_permissions": []}}, {"model": "authapp.shopuserprofile", "pk": 1, "fields": {"user": 1, "tagline": "", "aboutMe": "", "gender": ""}}, {"model": "authapp.shopuserprofile", "pk": 2, "fields": {"user": 2, "tagline": "", "aboutMe": "", "gender": ""}}, {"model": "authapp.shopuserprofile", "pk": 3, "fields": {"user": 3, "tagline": "", "aboutMe": "", "gender": ""}}, {"model": "authapp.shopuserprofile", "pk": 4, "fields": {"user": 4, "tagline": "", "aboutMe": "", "gender": ""}}, {"model": "authapp.shopuserprofile", "pk": 5, "fields": {"user": 5, "tagline": "", "aboutMe": "", "gender": ""}}, {"model": "authapp.shopuserprofile", "pk": 6, "fields": {"user": 6, "tagline": "", "aboutMe": "", "gender": ""}}, {"model": "authapp.shopuserprofile", "pk": 7, "fields": {"user": 7, "tagline": "", "aboutMe": "", "gender": "male"}}, {"model": "basketapp.basket", "pk": 35, "fields": {"user": 1, "product": 3, "quantity": 1, "add_datetime": "2020-09-21T23:58:58.059Z"}}, {"model": "basketapp.basket", "pk": 36, "fields": {"user": 1, "product": 4, "quantity": 1, "add_datetime": "2020-09-21T23:58:59.921Z"}}, {"model": "basketapp.basket", "pk": 37, "fields": {"user": 1, "product": 13, "quantity": 1, "add_datetime": "2020-09-21T23:59:01.808Z"}}, {"model": "basketapp.basket", "pk": 38, "fields": {"user": 1, "product": 8, "quantity": 3, "add_datetime": "2020-09-22T00:02:25.443Z"}}, {"model": "basketapp.basket", "pk": 39, "fields": {"user": 1, "product": 2, "quantity": 1, "add_datetime": "2020-09-22T00:05:26.076Z"}}, {"model": "basketapp.basket", "pk": 40, "fields": {"user": 1, "product": 5, "quantity": 1, "add_datetime": "2020-09-22T00:08:36.869Z"}}, {"model": "basketapp.basket", "pk": 41, "fields": {"user": 1, "product": 11, "quantity": 1, "add_datetime": "2020-09-22T01:11:39.436Z"}}, {"model": "social_django.usersocialauth", "pk": 1, "fields": {"user": 7, "provider": "vk-oauth2", "uid": "131580530", "extra_data": "{\"auth_time\": 1598726735, \"id\": 131580530, \"expires\": 86400, \"access_token\": \"6620a09aeb5174545170812ebf9fd43ac0534e8aa8dd790ecde9fb0d35536982995029501dd5d433a0069\", \"token_type\": null}", "created": "2020-08-26T23:31:31.507Z", "modified": "2020-08-29T18:45:35.272Z"}}, {"model": "ordersapp.order", "pk": 1, "fields": {"user": 1, "created": "2020-09-01T23:25:45.551Z", "updated": "2020-09-04T22:51:46.768Z", "status": "FM", "is_active": false}}, {"model": "ordersapp.order", "pk": 2, "fields": {"user": 1, "created": "2020-09-01T23:29:43.096Z", "updated": "2020-09-01T23:34:49.628Z", "status": "FM", "is_active": false}}, {"model": "ordersapp.order", "pk": 3, "fields": {"user": 1, "created": "2020-09-01T23:29:50.691Z", "updated": "2020-09-01T23:29:50.961Z", "status": "FM", "is_active": false}}, {"model": "ordersapp.order", "pk": 4, "fields": {"user": 1, "created": "2020-09-01T23:30:01.601Z", "updated": "2020-09-04T22:51:49.236Z", "status": "FM", "is_active": false}}, {"model": "ordersapp.order", "pk": 5, "fields": {"user": 1, "created": "2020-09-01T23:30:35.549Z", "updated": "2020-09-04T22:51:51.414Z", "status": "FM", "is_active": false}}, {"model": "ordersapp.order", "pk": 6, "fields": {"user": 1, "created": "2020-09-01T23:35:13.135Z", "updated": "2020-09-04T22:00:52.545Z", "status": "FM", "is_active": false}}, {"model": "ordersapp.order", "pk": 7, "fields": {"user": 1, "created": "2020-09-04T21:51:13.675Z", "updated": "2020-09-04T21:51:49.350Z", "status": "STP", "is_active": true}}, {"model": "ordersapp.order", "pk": 8, "fields": {"user": 1, "created": "2020-09-04T22:01:12.415Z", "updated": "2020-09-04T22:51:54.512Z", "status": "FM", "is_active": false}}, {"model": "ordersapp.order", "pk": 9, "fields": {"user": 1, "created": "2020-09-04T23:44:00.410Z", "updated": "2020-09-05T00:33:25.312Z", "status": "FM", "is_active": true}}, {"model": "ordersapp.order", "pk": 10, "fields": {"user": 1, "created": "2020-09-05T00:38:12.005Z", "updated": "2020-09-05T19:26:39.952Z", "status": "FM", "is_active": true}}, {"model": "ordersapp.orderitem", "pk": 1, "fields": {"order": 1, "product": 1, "quantity": 2}}, {"model": "ordersapp.orderitem", "pk": 2, "fields": {"order": 2, "product": 2, "quantity": 2}}, {"model": "ordersapp.orderitem", "pk": 3, "fields": {"order": 3, "product": 6, "quantity": 0}}, {"model": "ordersapp.orderitem", "pk": 4, "fields": {"order": 4, "product": 7, "quantity": 1}}, {"model": "ordersapp.orderitem", "pk": 5, "fields": {"order": 5, "product": 8, "quantity": 3}}, {"model": "ordersapp.orderitem", "pk": 7, "fields": {"order": 7, "product": 13, "quantity": 2}}, {"model": "ordersapp.orderitem", "pk": 8, "fields": {"order": 8, "product": 2, "quantity": 3}}, {"model": "ordersapp.orderitem", "pk": 9, "fields": {"order": 8, "product": 1, "quantity": 1}}, {"model": "ordersapp.orderitem", "pk": 10, "fields": {"order": 8, "product": 3, "quantity": 2}}, {"model": "ordersapp.orderitem", "pk": 14, "fields": {"order": 9, "product": 11, "quantity": 1}}, {"model": "ordersapp.orderitem", "pk": 15, "fields": {"order": 9, "product": 1, "quantity": 1}}, {"model": "ordersapp.orderitem", "pk": 16, "fields": {"order": 9, "product": 2, "quantity": 1}}, {"model": "ordersapp.orderitem", "pk": 17, "fields": {"order": 10, "product": 1, "quantity": 7}}, {"model": "ordersapp.orderitem", "pk": 18, "fields": {"order": 10, "product": 3, "quantity": 5}}, {"model": "ordersapp.orderitem", "pk": 20, "fields": {"order": 10, "product": 2, "quantity": 3}}, {"model": "ordersapp.orderitem", "pk": 22, "fields": {"order": 10, "product": 9, "quantity": 3}}, {"model": "ordersapp.orderitem", "pk": 23, "fields": {"order": 10, "product": 7, "quantity": 1}}, {"model": "ordersapp.orderitem", "pk": 24, "fields": {"order": 10, "product": 5, "quantity": 2}}, {"model": "ordersapp.orderitem", "pk": 25, "fields": {"order": 10, "product": 4, "quantity": 1}}]